{
  "type": "Filesystem",
  "managed": true,
  "featureGroup": false,
  "formatType": "csv",
  "checklists": {
    "checklists": []
  },
  "checks": [],
  "customMeta": {
    "kv": {}
  },
  "flowOptions": {
    "virtualizable": false,
    "rebuildBehavior": "NORMAL",
    "crossProjectBuildBehavior": "DEFAULT"
  },
  "readWriteOptions": {
    "preserveOrder": false,
    "writeBuckets": 1,
    "forceSingleOutputFile": false,
    "defaultReadOrdering": {
      "enabled": false,
      "rules": []
    }
  },
  "formatParams": {
    "style": "unix",
    "charset": "utf8",
    "separator": "\t",
    "quoteChar": "\"",
    "escapeChar": "\\",
    "dateSerializationFormat": "ISO",
    "arrayMapFormat": "json",
    "hiveSeparators": [
      "\u0002",
      "\u0003",
      "\u0004",
      "\u0005",
      "\u0006",
      "\u0007",
      "\b"
    ],
    "skipRowsBeforeHeader": 0,
    "parseHeaderRow": false,
    "skipRowsAfterHeader": 0,
    "probableNumberOfRecords": 0,
    "normalizeBooleans": false,
    "normalizeDoubles": true,
    "readAdditionalColumnsBehavior": "INSERT_IN_DATA_WARNING",
    "readMissingColumnsBehavior": "DISCARD_SILENT",
    "readDataTypeMismatchBehavior": "DISCARD_WARNING",
    "writeDataTypeMismatchBehavior": "DISCARD_WARNING",
    "fileReadFailureBehavior": "FAIL",
    "compress": "gz"
  },
  "partitioning": {
    "ignoreNonMatchingFile": false,
    "considerMissingRequestedPartitionsAsEmpty": false,
    "dimensions": []
  },
  "versionTag": {
    "versionNumber": 5,
    "lastModifiedBy": {
      "login": "admin"
    },
    "lastModifiedOn": 1740054751721
  },
  "creationTag": {
    "versionNumber": 0,
    "lastModifiedBy": {
      "login": "admin"
    },
    "lastModifiedOn": 1740047063351
  },
  "tags": [],
  "params": {
    "connection": "filesystem_managed",
    "path": "${projectKey}/monuments_clean_6_fevrier_liste_des_immeubles_proteges_au_titre_des_monuments_historiques_NETTOYE",
    "notReadyIfEmpty": false,
    "filesSelectionRules": {
      "mode": "ALL",
      "excludeRules": [],
      "includeRules": [],
      "explicitFiles": []
    }
  },
  "schema": {
    "columns": [
      {"name":"Reference","type":"string"},
      {"name":"Destination_actuelle_de_l_edifice","type":"string"},
      {"name":"Adresse_forme_index","type":"string"},
      {"name":"Etablissement_affectataire_de_l_edifice","type":"string"},
      {"name":"Autre_appellation_de_l_edifice","type":"string"},
      {"name":"Auteur_de_l_edifice","type":"string"},
      {"name":"Commune_forme_index","type":"string"},
      {"name":"Copyright","type":"string"},
      {"name":"Datation_de_l_edifice","type":"string"},
      {"name":"output_datation_edifice","type":"string"},
      {"name":"Denomination_de_l_edifice","type":"string"},
      {"name":"Lieu_de_conservation_d_un_element_architectural_deplace","type":"string"},
      {"name":"Description_de_l_edifice","type":"string"},
      {"name":"Domaine","type":"string"},
      {"name":"Date_et_typologie_de_la_protection","type":"string"},
      {"name":"Departement_format_numerique","type":"string"},
      {"name":"Source_de_l_energie_utilisee_par_l_edifice","type":"string"},
      {"name":"Emplacement__forme_et_structure_de_l_escalier","type":"string"},
      {"name":"Description_de_l_elevation_interieure","type":"string"},
      {"name":"etat_de_conservation","type":"string"},
      {"name":"Genre_du_destinataire","type":"string"},
      {"name":"Historique","type":"string"},
      {"name":"Nom_du_cours_d_eau_traversant_ou_bordant_l_edifice","type":"string"},
      {"name":"Identifiant_Agregee","type":"string"},
      {"name":"COG_Insee_lors_de_la_protection","type":"string"},
      {"name":"Liens_externes","type":"string"},
      {"name":"Lieudit","type":"string"},
      {"name":"Lien_vers_la_base_Archiv_MH","type":"string"},
      {"name":"Materiaux_du_gros_oeuvre","type":"string"},
      {"name":"Observations","type":"string"},
      {"name":"Precision_affectataire","type":"string"},
      {"name":"Precision_sur_la_denomination","type":"string"},
      {"name":"Personnes_liees_a_l_edifice","type":"string"},
      {"name":"Typologie_de_plan","type":"string"},
      {"name":"Precision_de_la_localisation","type":"string"},
      {"name":"Precision_de_la_protection","type":"string"},
      {"name":"Description_de_l_iconographie","type":"string"},
      {"name":"Typologie_de_la_protection","type":"string"},
      {"name":"Precision_sur_le_statut_de_l_edifice","type":"string"},
      {"name":"Reference_a_un_ensemble","type":"string"},
      {"name":"Lien_vers_la_base_Joconde","type":"string"},
      {"name":"Lien_vers_la_base_Palissy","type":"string"},
      {"name":"Région","type":"string"},
      {"name":"Département","type":"string"},
      {"name":"Elements_remarquables_dans_l_edifice","type":"string"},
      {"name":"Renvoi_vers_une_notice_de_la_base_Merimee_ou_Palissy","type":"string"},
      {"name":"Indexation_iconographique_normalisee","type":"string"},
      {"name":"Siecle_de_campagne_secondaire_de_construction","type":"string"},
      {"name":"Siecle_de_la_campagne_principale_de_construction","type":"string"},
      {"name":"Format_abrege_du_siecle_de_construction","type":"string"},
      {"name":"Output_format_abrege","type":"string"},
      {"name":"Typologie_de_la_zone_de_protection","type":"string"},
      {"name":"Statut_juridique_de_l_edifice","type":"string"},
      {"name":"Technique_du_decor_porte_de_l_edifice","type":"string"},
      {"name":"Titre_editorial_de_la_notice","type":"string"},
      {"name":"Couverts_ou_decouverts_du_jardin_de_l_edifice","type":"string"},
      {"name":"Vocable___pour_les_edifices_cultuels","type":"string"},
      {"name":"Adresse_forme_editoriale","type":"string"},
      {"name":"Commune_forme_editoriale","type":"string"},
      {"name":"coordonnees_au_format_WGS84","type":"geometry"}
    ],
    "userModified": true
  },
  "dkuProperties": [],
  "metrics": {
    "probes": [
      {
        "type": "basic",
        "enabled": true,
        "computeOnBuildMode": "PARTITION",
        "meta": {
          "name": "Basic data",
          "level": 0
        },
        "configuration": {}
      },
      {
        "type": "records",
        "enabled": true,
        "computeOnBuildMode": "NO",
        "meta": {
          "name": "Record count",
          "level": 0
        },
        "configuration": {}
      }
    ],
    "engineConfig": {
      "padRunsWithMetrics": false,
      "hive": {
        "active": true,
        "extraConf": []
      },
      "basic": {},
      "dss": {
        "active": true,
        "selection": {
          "useMemTable": false,
          "filter": {
            "distinct": false,
            "enabled": false
          },
          "partitionSelectionMethod": "ALL",
          "latestPartitionsN": 1,
          "ordering": {
            "enabled": false,
            "rules": []
          },
          "samplingMethod": "FULL",
          "maxRecords": -1,
          "targetRatio": 0.02,
          "withinFirstN": -1,
          "maxReadUncompressedBytes": -1
        }
      },
      "sql": {
        "active": true
      },
      "impala": {
        "active": true
      },
      "spark": {
        "active": true,
        "extraConf": []
      },
      "python": {}
    },
    "displayedState": {
      "columns": [],
      "metrics": [
        "basic:COUNT_COLUMNS",
        "basic:COUNT_FILES",
        "basic:SIZE",
        "records:COUNT_RECORDS"
      ]
    }
  },
  "metricsChecks": {
    "runOnBuild": false,
    "checks": [],
    "displayedState": {
      "checks": []
    }
  },
  "customFields": {}
}