{
  "script": {
    "steps": [],
    "maxProcessedMemTableBytes": -1,
    "columnsSelection": {
      "mode": "ALL"
    },
    "columnWidthsByName": {
      "Reference": 113,
      "Destination_actuelle_de_l_edifice": 263,
      "Adresse_forme_index": 211,
      "Etablissement_affectataire_de_l_edifice": 300,
      "Autre_appellation_de_l_edifice": 240,
      "Auteur_de_l_edifice": 197,
      "Commune_forme_index": 211,
      "Copyright": 300,
      "Datation_de_l_edifice": 173,
      "output_datation_edifice": 188,
      "Denomination_de_l_edifice": 204,
      "Lieu_de_conservation_d_un_element_architectural_deplace": 300,
      "Description_de_l_edifice": 218,
      "Domaine": 300,
      "Date_et_typologie_de_la_protection": 300,
      "Departement_format_numerique": 225,
      "Source_de_l_energie_utilisee_par_l_edifice": 300,
      "Emplacement__forme_et_structure_de_l_escalier": 300,
      "Description_de_l_elevation_interieure": 293,
      "etat_de_conservation": 176,
      "Genre_du_destinataire": 176,
      "Historique": 300,
      "Nom_du_cours_d_eau_traversant_ou_bordant_l_edifice": 300,
      "Identifiant_Agregee": 190,
      "COG_Insee_lors_de_la_protection": 248,
      "Liens_externes": 225,
      "Lieudit": 176,
      "Lien_vers_la_base_Archiv_MH": 300,
      "Materiaux_du_gros_oeuvre": 195,
      "Observations": 239,
      "Precision_affectataire": 180,
      "Precision_sur_la_denomination": 233,
      "Personnes_liees_a_l_edifice": 218,
      "Typologie_de_plan": 176,
      "Precision_de_la_localisation": 300,
      "Precision_de_la_protection": 300,
      "Description_de_l_iconographie": 233,
      "Typologie_de_la_protection": 232,
      "Precision_sur_le_statut_de_l_edifice": 285,
      "Reference_a_un_ensemble": 188,
      "Lien_vers_la_base_Joconde": 203,
      "Lien_vers_la_base_Palissy": 300,
      "Région": 197,
      "Département": 127,
      "Elements_remarquables_dans_l_edifice": 285,
      "Renvoi_vers_une_notice_de_la_base_Merimee_ou_Palissy": 300,
      "Indexation_iconographique_normalisee": 285,
      "Siecle_de_campagne_secondaire_de_construction": 300,
      "Siecle_de_la_campagne_principale_de_construction": 300,
      "Format_abrege_du_siecle_de_construction": 300,
      "Output_format_abrege": 225,
      "Typologie_de_la_zone_de_protection": 270,
      "Statut_juridique_de_l_edifice": 246,
      "Technique_du_decor_porte_de_l_edifice": 293,
      "Titre_editorial_de_la_notice": 300,
      "Couverts_ou_decouverts_du_jardin_de_l_edifice": 300,
      "Vocable___pour_les_edifices_cultuels": 285,
      "Adresse_forme_editoriale": 204,
      "Commune_forme_editoriale": 211,
      "coordonnees_au_format_WGS84": 300
    },
    "columnUseScientificNotationByName": {},
    "coloring": {
      "scheme": "INDIVIDUAL_COLUMNS_VALUES",
      "individualColumns": [
        "coordonnees_au_format_WGS84"
      ],
      "valueColoringMode": "HASH"
    },
    "sorting": [
      {
        "column": "coordonnees_au_format_WGS84",
        "ascending": true
      }
    ],
    "analysisColumnData": {},
    "explorationSampling": {
      "selection": {
        "maxRecordsForDisplay": -1,
        "maxStoredBytes": 104857600,
        "timeout": -1,
        "filter": {
          "distinct": false,
          "enabled": false
        },
        "partitionSelectionMethod": "ALL",
        "latestPartitionsN": 1,
        "ordering": {
          "enabled": false,
          "rules": []
        },
        "samplingMethod": "HEAD_SEQUENTIAL",
        "maxRecords": 10000,
        "targetRatio": 0.02,
        "withinFirstN": -1,
        "maxReadUncompressedBytes": -1
      },
      "autoRefreshSample": false,
      "_refreshTrigger": 0
    },
    "vizSampling": {
      "selection": {
        "useMemTable": false,
        "filter": {
          "distinct": false,
          "enabled": false
        },
        "partitionSelectionMethod": "ALL",
        "latestPartitionsN": 1,
        "ordering": {
          "enabled": false,
          "rules": []
        },
        "samplingMethod": "FULL",
        "maxRecords": -1,
        "targetRatio": 0.02,
        "withinFirstN": -1,
        "maxReadUncompressedBytes": -1
      },
      "autoRefreshSample": false,
      "_refreshTrigger": 0
    },
    "exploreUIParams": {
      "autoRefresh": true
    },
    "globalSearchQuery": "",
    "explorationFilters": [],
    "previewMode": "ALL_ROWS"
  },
  "charts": [],
  "interactiveSearch": {
    "savedQueries": []
  }
}